nan,nan,nan,nan,nan,nan,1608011926.687888
nan,nan,nan,nan,nan,nan,1608011926.4053502
nan,nan,nan,nan,nan,nan,1608011926.5404627
