nan,nan,nan,nan,nan,nan,1607998383.9343135
nan,nan,nan,nan,nan,nan,1607998383.7360973
nan,nan,nan,nan,nan,nan,1607998383.8331919
